name,overall,average,f1,mcc
0-1-23456,0.5933908045977011,0.47903958210767517,0.4254763155996579,0.19458342433774525
01-24-356,0.46623563218390807,0.4498924252246657,0.4485745427846348,0.1790186155863939
0-124-356,0.4899425287356322,0.4737426436896139,0.4177205607222996,0.1582969052460533
024-1-356,0.4295977011494253,0.4141993732007198,0.4128261253641601,0.13368740951841984
0356-1-24,0.45330459770114945,0.403524059219544,0.40327842442778783,0.11591256045298091
0-1356-24,0.5,0.4380435003079866,0.37826984236657424,0.08739267721741435
