name,overall,average,f1,mcc
01-234-56,0.4511494252873563,0.45306897528663437,0.45078102797125186,0.1810753281429658
01-23-456,0.45545977011494254,0.4426803081975496,0.440893164483055,0.16602941957082062
0123-4-56,0.5387931034482759,0.41821777435666635,0.4025972205972643,0.13256176858519775
