name,overall,average,f1,mcc
0-1-2-3-4-5-6,0.22872340425531915,0.24132024376827116,0.1869778442421479,0.08608332124266012
