name,overall,average,f1,mcc
0123-45,0.9375,0.6471861471861472,0.6265172735760971,0.25660560061597815
01-2345,0.65,0.6581818181818182,0.631336405529954,0.29410527775762735
