name,overall,average,f1,mcc
0123-4-56,0.659919028340081,0.43336843336843334,0.36758045799576283,0.07082989414252398
0-123-456,0.4534412955465587,0.42703703703703705,0.37684280499701056,0.1124175467557358
0-1234-56,0.5465587044534413,0.40974819247070554,0.38077998185238254,0.10793720710918252
