name,overall,average,f1,mcc
012-3-4-56,0.45330459770114945,0.3277973069343627,0.313982274646173,0.11670609171622973
012-34-5-6,0.4166666666666667,0.31824148204546854,0.30498193646004806,0.11019112270853623
012-3-45-6,0.4130747126436782,0.3137893838985175,0.3021530904230347,0.10623823853763296
0123-4-5-6,0.48204022988505746,0.3113810180231895,0.2958237340266531,0.0954652605048528
