name,overall,average,f1,mcc
012345-6,0.7033045977011494,0.5575869143644079,0.5553283237486029,0.14819189897861157
01234-56,0.6443965517241379,0.5809375248164997,0.5822214946386184,0.175063173563651
