name,overall,average,f1,mcc
0123-45-6,0.5556978233034571,0.39738471673254283,0.3757477062765245,0.09712114498996617
0123-4-56,0.5633802816901409,0.38449104021611186,0.3688670865478841,0.08599237741751657
01234-5-6,0.645326504481434,0.37956246850469383,0.3702780708112325,0.06644838465737192
