name,overall,average,f1,mcc
0126-3-45,0.5723431498079385,0.3960236220472441,0.36111733465087575,0.07625287698944748
0126-35-4,0.5697823303457106,0.3830022145865843,0.3519219323520251,0.06552532787024125
01246-3-5,0.6837387964148528,0.38388463740954765,0.3635538711431398,0.06350103178681377
01236-4-5,0.6811779769526248,0.37963953492190144,0.3543584688442892,0.06262801337129902
0126-34-5,0.5633802816901409,0.37857733779729336,0.35087523623632927,0.06170103607451207
01256-3-4,0.6824583866837388,0.3688656686922583,0.34452757897780667,0.03483830914399349
