name,overall,average,f1,mcc
01-2-3-4-56,0.4528301886792453,0.3337254901960785,0.27401519443981537,0.14707671433647634
0-12-3-4-56,0.4025157232704403,0.35217948717948716,0.2799767647705965,0.15064131491370839
0-1-23-4-56,0.389937106918239,0.37981416957026715,0.3227802830453788,0.194548220949209
0-1-2-34-56,0.3333333333333333,0.3575350140056023,0.2922683642023836,0.16844687783973564
0-1-2-3-456,0.3081761006289308,0.314311570782159,0.2718536044769831,0.1380724861452986
