R:A::C:P,comedy,history,tragedy
comedy,0.6296296296296297,0.0,0.37037037037037035
history,0.17391304347826086,0.782608695652174,0.043478260869565216
tragedy,0.25,0.09375,0.65625
