R:A::C:P,comedy,history,tragedy
comedy,0.5862068965517241,0.0,0.3125
history,0.13793103448275862,0.8571428571428571,0.03125
tragedy,0.27586206896551724,0.14285714285714285,0.65625
