name,overall,average,f1,mcc
0123-46-5,0.5685019206145967,0.40513896354542617,0.3890005887810079,0.10601417678083391
0146-23-5,0.528809218950064,0.39674304205652494,0.38759916652329335,0.09412937740609105
01-2346-5,0.5006402048655569,0.41830175417162824,0.40945555528222616,0.13268181540928758
015-23-46,0.44814340588988477,0.40675491336810704,0.40266878073726914,0.10934740002016397
01-235-46,0.44430217669654287,0.4261622191634145,0.42175320057077753,0.14235005701120762
01-23-456,0.43661971830985913,0.43152642727713547,0.4239936180233377,0.14932997310285753
