name,overall,average,f1,mcc
01234-5-6,0.645326504481434,0.37956246850469383,0.3702780708112325,0.06644838465737192
01-2345-6,0.4878361075544174,0.41581397382883295,0.41252370469072447,0.1399253561141319
01-234-56,0.43661971830985913,0.41763219027738535,0.4152046544872458,0.13277588775248114
