name,overall,average,f1,mcc
0123-4-56,0.625,0.48854809493107365,0.380670372557548,0.13189802376692628
0-1234-56,0.5372340425531915,0.4497340900167755,0.4060319313671168,0.14054728807124775
0-123-456,0.4521276595744681,0.47784193273396786,0.40057903853709065,0.16610722396025632
