R:A::C:P,comedy,history,tragedy
comedy,0.625,0.1746031746031746,0.29577464788732394
history,0.15625,0.671957671957672,0.13380281690140844
tragedy,0.21875,0.15343915343915343,0.5704225352112676
