name,overall,average,f1,mcc
012356-4,0.8742138364779874,0.6616541353383458,0.5811380400421496,0.20447810434171476
014-2356,0.6792452830188679,0.6858852583586625,0.6551856104094911,0.34173452877435445
01-23456,0.6289308176100629,0.6650793650793652,0.6251348651348652,0.3149707986304613
