name,overall,average,f1,mcc
0-123456,0.7368421052631579,0.6426829268292683,0.612282354077616,0.2434508013602067
0123-456,0.6639676113360324,0.5113513513513513,0.4757447896688403,0.014948070660695818
