R:A::C:P,comedy,history,tragedy
comedy,0.6296296296296297,0.12,0.23333333333333334
history,0.1111111111111111,0.68,0.1
tragedy,0.25925925925925924,0.2,0.6666666666666666
