R:A::C:P,comedy,history,tragedy
comedy,0.6296296296296297,0.1111111111111111,0.25925925925925924
history,0.13043478260869565,0.7391304347826086,0.13043478260869565
tragedy,0.21875,0.15625,0.625
