name,overall,average,f1,mcc
0-123456,0.7368421052631579,0.6426829268292683,0.612282354077616,0.2434508013602067
01-23456,0.5789473684210527,0.6185897435897436,0.5788852459016394,0.23564079476211475
012-3456,0.5951417004048583,0.606048906048906,0.5138560856558022,0.1524382329367183
0123-456,0.6639676113360324,0.5113513513513513,0.4757447896688403,0.014948070660695818
01234-56,0.7813765182186235,0.4812998160637646,0.4725561531161025,-0.022601824331314725
012345-6,0.8623481781376519,0.44190871369294604,0.46304347826086956,-0.05641882825093441
