name,overall,average,f1,mcc
0-1-2-3-45-6,0.2300380228136882,0.24025357476164347,0.20923771339958638,0.07583408957001127
0-1-23-4-5-6,0.2623574144486692,0.20419049342472848,0.19093630629365174,0.0559467930966023
0-1-2-3-4-56,0.21863117870722434,0.20056674507481378,0.18091026031373478,0.043401737048301275
0-1-2-34-5-6,0.21102661596958175,0.19539894325386795,0.17960420693361223,0.03976865285263232
0-12-3-4-5-6,0.3193916349809886,0.19198239083908486,0.17890213980315173,0.040861885975944964
01-2-3-4-5-6,0.35551330798479086,0.1816158895990829,0.1869450422445401,0.046508968176949696
