R:A::C:P,comedy,history,tragedy
comedy,0.7619047619047619,0.2,0.2
history,0.023809523809523808,0.5,0.24
tragedy,0.21428571428571427,0.3,0.56
