name,overall,average,f1,mcc
01-2345,0.65,0.6581818181818182,0.631336405529954,0.29410527775762735
0123-45,0.9375,0.6471861471861472,0.6265172735760971,0.25660560061597815
0-12345,0.6875,0.5957722174288179,0.5900799344127895,0.18255171581934132
01234-5,0.95,0.4810126582278481,0.48717948717948717,-0.022207604741790184
012-345,0.7625,0.48873873873873874,0.4792737238780404,-0.01519869175291844
