name,overall,average,f1,mcc
01-23-4-5,0.6375,0.45454545454545453,0.4816017316017316,0.3278626503265901
012-3-4-5,0.7625,0.32770270270270274,0.382494004796163,0.1465999579529772
01-2-3-45,0.525,0.32137161084529503,0.323170731707317,0.1307206873437292
01-2-34-5,0.525,0.2880382775119617,0.281153924984628,0.089758915236042
