name,overall,average,f1,mcc
01235-4,0.9875,0.75,0.8301486199575372,0.7026171689305275
015-234,0.7,0.7023809523809523,0.6754563894523327,0.3752156039964245
0145-23,0.6875,0.6857366771159874,0.6536796536796536,0.3369357593599961
