name,overall,average,f1,mcc
01235-4-6,0.873015873015873,0.3836088154269972,0.35354077253218885,0.09032235602075456
0123-46-5,0.7857142857142857,0.4073446327683616,0.3627847900293721,0.06300622306192218
0123-4-56,0.7777777777777778,0.3573446327683616,0.3342760180995475,0.02831161226092589
01236-4-5,0.7936507936507936,0.3606442577030813,0.3363095238095238,0.012218200708743
0123-45-6,0.7777777777777778,0.32163034705407584,0.31641887524240464,0.006205782081563755
01234-5-6,0.8809523809523809,0.30327868852459017,0.31223628691983124,-0.036891755575177446
