R:A::C:P,antag,fool,protag
antag,0.4,0.0,0.425
fool,0.16666666666666666,0.8823529411764706,0.075
protag,0.43333333333333335,0.11764705882352941,0.5
