name,overall,average,f1,mcc
01-23-4-5-6,0.4122340425531915,0.30693150058373725,0.2571844797698348,0.11438152588408487
01-2-3-4-56,0.39095744680851063,0.320862509063099,0.25551874851230305,0.11643090813312244
01-2-34-5-6,0.39095744680851063,0.26966672772025885,0.2435453435453435,0.09640071281181199
012-3-4-5-6,0.5132978723404256,0.291679222769949,0.23445347391761664,0.09056336346565326
01-2-3-45-6,0.3776595744680851,0.2437241903925223,0.2250201818913383,0.07417208875455794
