R:A::C:P,comedy,history,tragedy
comedy,0.5925925925925926,0.07407407407407407,0.3333333333333333
history,0.17391304347826086,0.7391304347826086,0.08695652173913043
tragedy,0.21875,0.15625,0.625
