name,overall,average,f1,mcc
01-23456,0.673132183908046,0.6379290933186343,0.6351745299565741,0.27118598706272307
0-123456,0.8103448275862069,0.6319977033178854,0.5438150472709938,0.1533493523443065
