name,overall,average,f1,mcc
0-123456,0.7295597484276729,0.6420506912442396,0.6315676025219593,0.2669934675667173
0123-456,0.7610062893081762,0.5545310853530032,0.5171035805626598,0.07368515457569774
