R:A::C:P,antag,fool,protag
antag,0.42857142857142855,0.1,0.38461538461538464
fool,0.17857142857142858,0.75,0.07692307692307693
protag,0.39285714285714285,0.15,0.5384615384615384
