name,overall,average,f1,mcc
0-1-2-3-4-56,0.2765804597701149,0.263743661170738,0.22642455140531395,0.10061658710410722
0-1-23-4-5-6,0.25862068965517243,0.26149336195929646,0.22434897260803532,0.09823359544028287
01-2-3-4-5-6,0.2995689655172414,0.2353453593935718,0.22132844931014628,0.0910828266667786
0-1-2-34-5-6,0.23994252873563218,0.2573731112448086,0.22042432594789732,0.09627327443231155
0-1-2-3-45-6,0.23635057471264367,0.25440504581350787,0.2185384285898884,0.09363801831837604
0-12-3-4-5-6,0.28376436781609193,0.2518806816301135,0.2095277809870519,0.08622517943997758
