name,overall,average,f1,mcc
012345-6,0.8191489361702128,0.4576388888888889,0.4644323418516967,-0.04876225312111973
01234-56,0.7553191489361702,0.5509320611361428,0.5174107142857143,0.07075115060081302
