name,overall,average,f1,mcc
01-23456,0.6825396825396826,0.7005813953488372,0.6684210526315789,0.3738972510383542
0-123456,0.7301587301587301,0.6397306397306397,0.628125,0.26080906261401604
