R:A::C:P,comedy,history,tragedy
comedy,0.7317073170731707,0.15,0.3076923076923077
history,0.04878048780487805,0.65,0.07692307692307693
tragedy,0.21951219512195122,0.2,0.6153846153846154
