name,overall,average,f1,mcc
012346-5,0.902834008097166,0.4665271966527197,0.474468085106383,-0.04815041608863411
012356-4,0.8744939271255061,0.674306625577812,0.5877348839713563,0.22014343609819084
01236-45,0.7773279352226721,0.5416666666666666,0.5128205128205128,0.057040855884459916
