R:A::C:P,comedy,history,tragedy
comedy,0.7339449541284404,0.15,0.3287671232876712
history,0.08256880733944955,0.675,0.0684931506849315
tragedy,0.1834862385321101,0.175,0.6027397260273972
