R:A::C:P,antag,fool,protag
antag,0.43333333333333335,0.25,0.30303030303030304
fool,0.16666666666666666,0.5833333333333334,0.12121212121212122
protag,0.4,0.16666666666666666,0.5757575757575758
