name,overall,average,f1,mcc
01234-56,0.7553191489361702,0.5509320611361428,0.5174107142857143,0.07075115060081302
0123-456,0.6462765957446809,0.5972644376899696,0.5197403171127566,0.1338923854009157
