name,overall,average,f1,mcc
0-123-4-5-6,0.39180537772087065,0.27033186309655055,0.24392431121785396,0.07845092579723024
01-23-4-5-6,0.3508322663252241,0.26782764633070283,0.25615750045047514,0.0895895226907457
0-1-234-5-6,0.31370038412291934,0.280280926260341,0.2605721610742831,0.09383107343295143
0-1-23-4-56,0.28681177976952626,0.27605144849423413,0.255088919117567,0.08887630347384659
0-1-23-45-6,0.2791293213828425,0.28378765440409276,0.25921729095475127,0.09555356401731634
