name,overall,average,f1,mcc
01246-35,0.8058510638297872,0.608270562276497,0.5825462730604858,0.17792090256412435
012346-5,0.9042553191489362,0.5575946255939702,0.5460764587525151,0.09606386977020855
012456-3,0.8590425531914894,0.5201592193117617,0.5126079193875804,0.03176990860897948
