name,overall,average,f1,mcc
0-1-23-4-56,0.31537356321839083,0.31561788454660394,0.27411811226667854,0.12104516727557586
0-1-2-34-56,0.29669540229885055,0.31067358368921855,0.26940853627451294,0.11869278206601028
01-2-3-4-56,0.3563218390804598,0.28424028146773433,0.27049348430921166,0.11246424474737074
0-1-2-3-456,0.3369252873563218,0.2987348057139627,0.2633432254866963,0.10758804876940312
0-12-3-4-56,0.34051724137931033,0.30408266815158436,0.2563326823214984,0.1066350680752095
