name,overall,average,f1,mcc
0-123456,0.7420212765957447,0.6304852320675105,0.6020382554802667,0.22150107199759977
01234-56,0.7553191489361702,0.5509320611361428,0.5174107142857143,0.07075115060081302
