name,overall,average,f1,mcc
0-123456,0.7420212765957447,0.6304852320675105,0.6020382554802667,0.22150107199759977
01246-35,0.8058510638297872,0.608270562276497,0.5825462730604858,0.17792090256412435
035-1246,0.6170212765957447,0.5972723626153229,0.5719571198178541,0.1740664034330883
