name,overall,average,f1,mcc
0-123-4-56,0.5660377358490566,0.42564350064350065,0.37000499500499506,0.20267216270886515
01-23-4-56,0.5345911949685535,0.42714866434378634,0.3669632944375213,0.20800722123860926
0-1-23-456,0.389937106918239,0.40288126507638705,0.36426130698398096,0.19675193599963714
0-1-234-56,0.4276729559748428,0.39404761904761904,0.3573076458964961,0.19186406650434454
