name,overall,average,f1,mcc
01-23-456,0.5345911949685535,0.47368295660978593,0.436998996819705,0.21543184140231353
01-234-56,0.5723270440251572,0.461904761904762,0.4277274487030585,0.20891468207525674
0123-4-56,0.7610062893081762,0.46553598608393126,0.3970211161387633,0.11103455663296398
