R:A::C:P,comedy,history,tragedy
comedy,0.6666666666666666,0.0,0.3333333333333333
history,0.21739130434782608,0.782608695652174,0.0
tragedy,0.21875,0.125,0.65625
