R:A::C:P,comedy,history,tragedy
comedy,0.6,0.0,0.3
history,0.16666666666666666,0.8181818181818182,0.0
tragedy,0.23333333333333334,0.18181818181818182,0.7
