name,overall,average,f1,mcc
0-123-4-5-6,0.4148936170212766,0.3281162985640353,0.2594249483831091,0.12055628768559842
01-23-4-5-6,0.4122340425531915,0.30693150058373725,0.2571844797698348,0.11438152588408487
0-1-234-5-6,0.31648936170212766,0.27420334429724935,0.2480956229820172,0.09402686905419066
0-1-23-4-56,0.28191489361702127,0.3495412187142214,0.2662918560536817,0.12784708107137627
0-1-23-45-6,0.26861702127659576,0.27240290004364465,0.23579328943271696,0.08558826169281179
