R:A::C:P,comedy,history,tragedy
comedy,0.7209302325581395,0.0625,0.32142857142857145
history,0.06976744186046512,0.75,0.07142857142857142
tragedy,0.20930232558139536,0.1875,0.6071428571428571
