name,overall,average,f1,mcc
012-3-4-5-6,0.5384615384615384,0.2756709956709957,0.22535177662855133,0.07843677930387052
01-23-4-5-6,0.41700404858299595,0.2602564102564103,0.2345460050462574,0.08550719357344926
01-2-34-5-6,0.38461538461538464,0.23497460671373718,0.2121617810760668,0.06579607370853549
01-2-3-4-56,0.3805668016194332,0.31677396677396674,0.2542324709752555,0.11341930953349988
01-2-3-45-6,0.3724696356275304,0.2499250262408157,0.22242811049133238,0.07403539270682977
