name,overall,average,f1,mcc
0-1-2-3-4-5-6,0.373015873015873,0.26252802439243117,0.22913444881058015,0.13331021634613932
