R:A::C:P,comedy,history,tragedy
comedy,0.6666666666666666,0.037037037037037035,0.2962962962962963
history,0.13043478260869565,0.782608695652174,0.08695652173913043
tragedy,0.25,0.0625,0.6875
