R:A::C:P,comedy,history,tragedy
comedy,0.6206896551724138,0.047619047619047616,0.25
history,0.10344827586206896,0.8571428571428571,0.0625
tragedy,0.27586206896551724,0.09523809523809523,0.6875
