name,overall,average,f1,mcc
012345-6,0.8623481781376519,0.44190871369294604,0.46304347826086956,-0.05641882825093441
01234-56,0.7813765182186235,0.4812998160637646,0.4725561531161025,-0.022601824331314725
