name,overall,average,f1,mcc
0123-4-56,0.625,0.48854809493107365,0.380670372557548,0.13189802376692628
0123-45-6,0.6117021276595744,0.35998423048011247,0.3298394281892734,0.06146665813598545
01234-5-6,0.7393617021276596,0.3459348024924256,0.34255952380952376,0.03935092241663395
