name,overall,average,f1,mcc
01246-3-5,0.7845744680851063,0.3901336633925218,0.3774722938200248,0.10191822698110413
01236-4-5,0.7553191489361702,0.49022449559533965,0.39921007526641333,0.12879474906580635
01256-3-4,0.723404255319149,0.46898395721925135,0.3804405812497745,0.12297981505374371
0126-35-4,0.6728723404255319,0.5257468709481093,0.4248036071212755,0.18448194699408713
0126-34-5,0.6675531914893617,0.4463937621832359,0.3963369963369963,0.14221909138083233
0126-3-45,0.6542553191489362,0.4031561999703415,0.36546172691365436,0.10517138461874224
