name,overall,average,f1,mcc
01-23-4-56,0.39511494252873564,0.3542072157618158,0.3411276686118918,0.1409618843725224
0-1-234-56,0.3714080459770115,0.3801168713864149,0.33960574269989524,0.14615107082917178
0-1-23-456,0.3757183908045977,0.37232537106960134,0.3321898450837476,0.13486663940006288
0-123-4-56,0.41163793103448276,0.369091372405139,0.3133856634663288,0.11760301686623575
