name,overall,average,f1,mcc
01-23456,0.673132183908046,0.6379290933186343,0.6351745299565741,0.27118598706272307
01234-56,0.6443965517241379,0.5809375248164997,0.5822214946386184,0.175063173563651
