name,overall,average,f1,mcc
01234-5-6,0.8805031446540881,0.30501089324618735,0.3131991051454139,-0.001502291640588437
01235-4-6,0.8427672955974843,0.43396825396825395,0.38122040561064957,0.1090467302426677
01236-4-5,0.779874213836478,0.41537966537966536,0.36813848005183747,0.07308237285871297
0123-4-56,0.7610062893081762,0.46553598608393126,0.3970211161387633,0.11103455663296398
0123-45-6,0.7547169811320755,0.35803237858032383,0.33554519368723096,0.038865970552037936
0123-46-5,0.7547169811320755,0.378234398782344,0.35128083491461104,0.05606783270533139
