name,overall,average,f1,mcc
01234-5-6,0.8805031446540881,0.30501089324618735,0.3131991051454139,-0.001502291640588437
0123-4-56,0.7610062893081762,0.46553598608393126,0.3970211161387633,0.11103455663296398
0123-45-6,0.7547169811320755,0.35803237858032383,0.33554519368723096,0.038865970552037936
