name,overall,average,f1,mcc
01235-46,0.7718631178707225,0.5932310946589107,0.5665787738958471,0.15045041049643001
012345-6,0.8745247148288974,0.5702757972696624,0.563540357053055,0.12850270611916814
012356-4,0.844106463878327,0.44223107569721115,0.4577319587628866,-0.0769741377165676
