name,overall,average,f1,mcc
012345-6,0.8745247148288974,0.5702757972696624,0.563540357053055,0.12850270611916814
01234-56,0.7547528517110266,0.5315746168877918,0.5221111791924613,0.05308343417565806
