name,overall,average,f1,mcc
0-1-2-3-45-6,0.23687580025608196,0.24150542539121703,0.21593769867047363,0.08133023812974288
0-1-23-4-5-6,0.2573623559539053,0.23899196121618616,0.21778991164582406,0.08026306956085626
0-1-2-3-4-56,0.24455825864276567,0.23505858713300154,0.21249738880615335,0.07576585434351808
0-12-3-4-5-6,0.29961587708066584,0.234480680023489,0.20558416705852,0.07034622337747294
0-1-2-34-5-6,0.22791293213828426,0.23278228326624165,0.21081664946320042,0.07405431767227517
01-2-3-4-5-6,0.3085787451984635,0.22820541866339208,0.21338787325024358,0.076360203690934
