name,overall,average,f1,mcc
0-123456,0.7420212765957447,0.6304852320675105,0.6020382554802667,0.22150107199759977
01-23456,0.601063829787234,0.6255457227138643,0.6010525422290127,0.2505451283839543
012-3456,0.5957446808510638,0.6176179011471463,0.5369308053800033,0.1826947567711479
0123-456,0.6462765957446809,0.5972644376899696,0.5197403171127566,0.1338923854009157
01234-56,0.7553191489361702,0.5509320611361428,0.5174107142857143,0.07075115060081302
012345-6,0.8191489361702128,0.4576388888888889,0.4644323418516967,-0.04876225312111973
