name,overall,average,f1,mcc
01236-4-5,0.6781609195402298,0.36758500350337453,0.34364909939523,0.03645503670847626
01256-3-4,0.6745689655172413,0.3707779551527503,0.3463894607136777,0.045130524271452865
01246-3-5,0.673132183908046,0.34792734095313166,0.3390732192411323,0.03044073409358787
0126-35-4,0.5689655172413793,0.39113305034754814,0.35815585034240277,0.07163213206084446
0126-34-5,0.5639367816091954,0.3695329248261898,0.3456936370812571,0.055913850335974645
0126-3-45,0.5603448275862069,0.3635967939635883,0.34192184236523926,0.05064333810810362
