name,overall,average,f1,mcc
0-1-2-3456,0.4126984126984127,0.4507701965329084,0.39816665796753486,0.2369839077925694
0-1-23-456,0.42857142857142855,0.4089032093534212,0.38334502103786816,0.2118827811366258
01-2-3-456,0.5476190476190477,0.4086240310077519,0.3583053255257961,0.20352017933277353
0-12-3-456,0.48412698412698413,0.4107773471145564,0.3466197666437886,0.17618221254353872
