name,overall,average,f1,mcc
0-1-2-3-4-5-6,0.21510883482714468,0.20914943537485078,0.18661131530343283,0.07025600372243045
