name,overall,average,f1,mcc
0-123456,0.7301587301587301,0.6397306397306397,0.628125,0.26080906261401604
012-3456,0.7222222222222222,0.6749489448604493,0.5697980684811238,0.23190979218112412
