name,overall,average,f1,mcc
01-2-3-45-6,0.33034571062740076,0.2708438033407399,0.25393484488005463,0.09087012497340964
0-12-3-45-6,0.3213828425096031,0.2783741169728562,0.24457039744998638,0.08365334859725634
0-1-2-3-456,0.30089628681177977,0.2838974195603695,0.25949451178833344,0.09836686638237145
0-1-23-45-6,0.2791293213828425,0.28378765440409276,0.25921729095475127,0.09555356401731634
0-1-2-345-6,0.26888604353393086,0.27469692142836455,0.2492900329267774,0.08785504837634116
