name,overall,average,f1,mcc
0-1-2-3-4-5-6,0.21982758620689655,0.22476181657816957,0.19057865467810045,0.08398217984120875
