name,overall,average,f1,mcc
0123-4-5-6,0.7777777777777778,0.2680084745762712,0.25070701357466063,0.021565503443396354
012-34-5-6,0.6904761904761905,0.2947394296951819,0.2620232172470979,0.08320152554503145
012-3-45-6,0.6825396825396826,0.3193426042983565,0.27432480454868513,0.09535270002151292
012-3-4-56,0.6825396825396826,0.3461283185840708,0.2877176616915423,0.11193207265603453
