name,overall,average,f1,mcc
0123-4-5,0.9375,0.48701298701298706,0.5446623093681917,0.3123383882682385
0125-3-4,0.8125,0.4511111111111112,0.5205905205905206,0.21998706820324224
0124-3-5,0.775,0.2719298245614035,0.29107981220657275,-0.06889325834370101
012-34-5,0.7625,0.336936936936937,0.3269854704471717,-0.0004170733971997527
012-35-4,0.7625,0.43693693693693697,0.5099920063948841,0.1939191158374021
012-3-45,0.7625,0.3813813813813814,0.38300787941075704,0.05419862274638321
