name,overall,average,f1,mcc
012356-4,0.8744939271255061,0.674306625577812,0.5877348839713563,0.22014343609819084
0-123456,0.7368421052631579,0.6426829268292683,0.612282354077616,0.2434508013602067
04-12356,0.659919028340081,0.6395156584322117,0.594828932979222,0.23545512715446695
