name,overall,average,f1,mcc
0123-456,0.6639676113360324,0.5113513513513513,0.4757447896688403,0.014948070660695818
01234-56,0.7813765182186235,0.4812998160637646,0.4725561531161025,-0.022601824331314725
