name,overall,average,f1,mcc
0-1-2-3-4-5,0.3125,0.2524366471734893,0.28341178148623586,0.14442351495208053
