name,overall,average,f1,mcc
04-12356,0.7044025157232704,0.6923076923076923,0.6625423346127794,0.3487115021957925
014-2356,0.6792452830188679,0.6858852583586625,0.6551856104094911,0.34173452877435445
023456-1,0.610062893081761,0.5723916532905297,0.5427643784786642,0.1886895508553519
