name,overall,average,f1,mcc
01456-23,0.6427656850192062,0.5467775467775469,0.5477369099433994,0.09652455388278154
0123-456,0.6197183098591549,0.581304347826087,0.5645447428741996,0.14760816905164925
01-23456,0.6107554417413572,0.5984452357628869,0.5968594210576361,0.20385719637414182
