name,overall,average,f1,mcc
01-23456,0.6289308176100629,0.6650793650793652,0.6251348651348652,0.3149707986304613
0123-456,0.7610062893081762,0.5545310853530032,0.5171035805626598,0.07368515457569774
