name,overall,average,f1,mcc
01234-5-6,0.5876436781609196,0.3842485995519194,0.3799820878640186,0.11143402779703997
0123-4-56,0.5387931034482759,0.41821777435666635,0.4025972205972643,0.13256176858519775
0123-45-6,0.4985632183908046,0.3995405436422061,0.3868249749664132,0.1186046310137354
