name,overall,average,f1,mcc
0-1-2-3-4-5-6,0.21862348178137653,0.22798157008683323,0.17236062827501078,0.07263776659440764
