name,overall,average,f1,mcc
01235-4,0.9875,0.75,0.8301486199575372,0.7026171689305275
01234-5,0.95,0.4810126582278481,0.48717948717948717,-0.022207604741790184
0123-45,0.9375,0.6471861471861472,0.6265172735760971,0.25660560061597815
