name,overall,average,f1,mcc
01235-4-6,0.7408906882591093,0.40948616600790516,0.36451481459922,0.07982869297803481
01236-4-5,0.7773279352226721,0.4249069643806486,0.3718991036064207,0.07634462529800555
0123-4-56,0.659919028340081,0.43336843336843334,0.36758045799576283,0.07082989414252398
0123-46-5,0.6558704453441295,0.35188129305776367,0.3166244725738397,0.014186375219636576
0123-45-6,0.6518218623481782,0.3219535324798483,0.3145731905225576,0.005190032764740442
01234-5-6,0.7732793522267206,0.2732474964234621,0.29204892966360857,-0.042390356223627745
