name,overall,average,f1,mcc
01234-5-6,0.7732793522267206,0.2732474964234621,0.29204892966360857,-0.042390356223627745
0123-4-56,0.659919028340081,0.43336843336843334,0.36758045799576283,0.07082989414252398
0123-45-6,0.6518218623481782,0.3219535324798483,0.3145731905225576,0.005190032764740442
