name,overall,average,f1,mcc
0-1-2-3-4-5-6,0.3018867924528302,0.2417767106842737,0.2023034585251265,0.10881544208418077
