R:A::C:P,comedy,history,tragedy
comedy,0.7017543859649122,0.2125,0.27941176470588236
history,0.10526315789473684,0.5625,0.16176470588235295
tragedy,0.19298245614035087,0.225,0.5588235294117647
