name,overall,average,f1,mcc
0-12356-4,0.6356275303643725,0.5432677288347392,0.4645504123454611,0.23301645487095482
01256-3-4,0.728744939271255,0.5170905483405484,0.41882657900051384,0.1774936855759459
0-1256-34,0.5141700404858299,0.5127408823060997,0.43133772633975803,0.19168320732482377
03-1256-4,0.5141700404858299,0.4965158298491632,0.41210044815559127,0.16201868588512436
0-12456-3,0.5910931174089069,0.4867587795048935,0.42483361210859366,0.16336740764425703
04-1256-3,0.5263157894736842,0.4845301449075034,0.41046924673196644,0.16768642359570293
