name,overall,average,f1,mcc
01-23456,0.6107554417413572,0.5984452357628869,0.5968594210576361,0.20385719637414182
01234-56,0.674775928297055,0.5424964403440675,0.5397696690732938,0.08107412698810555
