R:A::C:P,comedy,history,tragedy
comedy,0.5907172995780591,0.20207253886010362,0.288
history,0.16877637130801687,0.5647668393782384,0.256
tragedy,0.24050632911392406,0.23316062176165803,0.456
