name,overall,average,f1,mcc
01-2-3-4-56,0.5396825396825397,0.32689922480620154,0.28583780880773363,0.1616144645703883
01-2-3-45-6,0.5396825396825397,0.3054706533776301,0.2751235230934479,0.14835096646277102
01-23-4-5-6,0.5873015873015873,0.2864825581395349,0.2709191456903127,0.1438155784955865
01-2-34-5-6,0.5476190476190477,0.28578811369509044,0.2652822532521781,0.13863002688158585
012-3-4-5-6,0.6825396825396826,0.2769026548672566,0.23017412935323384,0.08981109352298916
