name,overall,average,f1,mcc
01-23-4-5-6,0.3508322663252241,0.26782764633070283,0.25615750045047514,0.0895895226907457
01-2-3-45-6,0.33034571062740076,0.2708438033407399,0.25393484488005463,0.09087012497340964
01-2-3-4-56,0.3380281690140845,0.2631075974308813,0.24980647304287035,0.08419286442993987
01-2-34-5-6,0.3213828425096031,0.2603760327907695,0.24778958583132676,0.0821390204244484
012-3-4-5-6,0.43021766965428937,0.2557689328215644,0.2358497621441204,0.0710487672531355
