R:A::C:P,comedy,history,tragedy
comedy,0.6666666666666666,0.0,0.3333333333333333
history,0.17391304347826086,0.782608695652174,0.043478260869565216
tragedy,0.25,0.03125,0.71875
