name,overall,average,f1,mcc
0-1-2-3-456,0.38095238095238093,0.3675392341494036,0.32159467994771546,0.187570546382264
0-1-23-4-56,0.42063492063492064,0.327122567482737,0.30586956521739134,0.1683045460134701
0-1-2-34-56,0.38095238095238093,0.3264281230382925,0.3002326727792567,0.16311899439946947
01-2-3-4-56,0.5396825396825397,0.32689922480620154,0.28583780880773363,0.1616144645703883
0-12-3-4-56,0.47619047619047616,0.3286218776916451,0.2764893617021277,0.13974409113900046
