name,overall,average,f1,mcc
01234-56,0.7813765182186235,0.4812998160637646,0.4725561531161025,-0.022601824331314725
0-123456,0.7368421052631579,0.6426829268292683,0.612282354077616,0.2434508013602067
