name,overall,average,f1,mcc
0123-4-5,0.9375,0.48701298701298706,0.5446623093681917,0.3123383882682385
012-3-45,0.7625,0.3813813813813814,0.38300787941075704,0.05419862274638321
012-34-5,0.7625,0.336936936936937,0.3269854704471717,-0.0004170733971997527
