name,overall,average,f1,mcc
0-1-2-3-4-5-6,0.20532319391634982,0.16878877836712297,0.15598632397412884,0.03730130889776416
