R:A::C:P,comedy,history,tragedy
comedy,0.6296296296296297,0.07407407407407407,0.2962962962962963
history,0.08695652173913043,0.8260869565217391,0.08695652173913043
tragedy,0.25,0.125,0.625
