R:A::C:P,comedy,history,tragedy
comedy,0.6296296296296297,0.08,0.26666666666666666
history,0.07407407407407407,0.76,0.06666666666666667
tragedy,0.2962962962962963,0.16,0.6666666666666666
