name,overall,average,f1,mcc
04-1-2356,0.4968553459119497,0.5419790611279973,0.4917129410888079,0.293045193941833
01-2356-4,0.5911949685534591,0.5610266801756164,0.4859096459096459,0.2870611439155102
0-12356-4,0.6540880503144654,0.544078144078144,0.4845743403882939,0.27339435803474155
0-14-2356,0.48427672955974843,0.5128304319793682,0.48038162554291586,0.24187915327352924
0-1-23456,0.48427672955974843,0.5068783068783068,0.46543932258217974,0.25688460568417687
02356-1-4,0.5220125786163522,0.4806039488966318,0.4124304757588999,0.1700257062255275
