name,overall,average,f1,mcc
012-3-4-5-6,0.39655172413793105,0.26041199535204196,0.24628647457990221,0.09020002062574736
01-2-3-4-56,0.3563218390804598,0.28424028146773433,0.27049348430921166,0.11246424474737074
01-23-4-5-6,0.33836206896551724,0.28153992241400444,0.2680027897524773,0.10960465475078152
01-2-34-5-6,0.319683908045977,0.276595621556619,0.26329321376031173,0.10725226954121594
01-2-3-45-6,0.3160919540229885,0.2730339430390581,0.261030136930701,0.10408996220449333
