name,overall,average,f1,mcc
0-1-23-4-56,0.28191489361702127,0.3495412187142214,0.2662918560536817,0.12784708107137627
0-12-3-4-56,0.34574468085106386,0.34760888234572446,0.2605692535628081,0.1270010863574497
01-2-3-4-56,0.39095744680851063,0.320862509063099,0.25551874851230305,0.11643090813312244
0-1-2-34-56,0.26063829787234044,0.31227644585074305,0.25265271982919046,0.1098662679991034
0-1-2-3-456,0.26595744680851063,0.29643720235192506,0.24269145667815234,0.0996246964302795
