name,overall,average,f1,mcc
0-1-23456,0.5933908045977011,0.47903958210767517,0.4254763155996579,0.19458342433774525
0-1234-56,0.507183908045977,0.4655022630989836,0.41109629545291143,0.1431750567703238
01-234-56,0.4511494252873563,0.45306897528663437,0.45078102797125186,0.1810753281429658
