name,overall,average,f1,mcc
012345-6,0.7887323943661971,0.5236214605067064,0.5248988891633516,0.05171854450057868
01234-56,0.674775928297055,0.5424964403440675,0.5397696690732938,0.08107412698810555
