name,overall,average,f1,mcc
0-1-23456,0.5158730158730159,0.5347876124712283,0.503864734299517,0.2905221722189781
01-2-3456,0.5793650793650794,0.5332935798052078,0.47263817807824887,0.2747212055300172
0-12-3456,0.5158730158730159,0.5361646679476136,0.45705743290223894,0.23827058314437077
