R:A::C:P,comedy,history,tragedy
comedy,0.5025,0.1947565543071161,0.2504638218923933
history,0.205,0.5655430711610487,0.19480519480519481
tragedy,0.2925,0.2397003745318352,0.5547309833024119
