name,overall,average,f1,mcc
0123-45-6,0.6615969581749049,0.4070303104927251,0.3883519336787021,0.1188558951130914
0123-4-56,0.6501901140684411,0.3276566511190657,0.33169702750699886,0.05399119006967142
01234-5-6,0.7414448669201521,0.3470900706321873,0.35022168810713866,0.03562186944861919
