name,overall,average,f1,mcc
0-123456,0.7420212765957447,0.6304852320675105,0.6020382554802667,0.22150107199759977
0123-456,0.6462765957446809,0.5972644376899696,0.5197403171127566,0.1338923854009157
