name,overall,average,f1,mcc
0-123-45-6,0.4429657794676806,0.34598444885348323,0.3104496277251183,0.10728273493015775
01-23-45-6,0.4372623574144487,0.3483292123932518,0.3347264589972163,0.13688019512317035
0-1-2345-6,0.3688212927756654,0.35199749964195565,0.31339781492220514,0.11757611550370982
0-1-23-456,0.3269961977186312,0.37292134125545245,0.32476090109618044,0.1361842489689764
