name,overall,average,f1,mcc
01-2356-4,0.5567528735632183,0.4505022110901106,0.4306317736677119,0.18020214942011867
0-1-23456,0.5933908045977011,0.47903958210767517,0.4254763155996579,0.19458342433774525
0-14-2356,0.5165229885057471,0.469117290932636,0.41321548798432284,0.15945319821985124
04-1-2356,0.4870689655172414,0.42764179527162277,0.39699804255188714,0.14925613845191313
02356-1-4,0.576867816091954,0.4052044097636436,0.38998679916139767,0.10937431737657986
0-12356-4,0.6544540229885057,0.4482610684624218,0.3679482195413882,0.09526687010070865
