name,overall,average,f1,mcc
012-3-45-6,0.5456273764258555,0.31692987104751813,0.2982201401336813,0.0998438409428682
012-3-4-56,0.5342205323193916,0.2573996265172736,0.2557289605049039,0.051195312160303215
012-34-5-6,0.526615969581749,0.24964792378585482,0.2537698804347201,0.0457456858667998
0123-4-5-6,0.6368821292775665,0.24027273286954381,0.2503834471143725,0.04066807755088893
